Month/Year,ULSP (Pence per litre),In_ULSP,ULSD (Pence per litre),In_ULSD,Average Fuel Price,In_Average Fuel Price,Europe Brent Crude Price (Dollars per Barrel),In_Brent Crude,CPI Index: Food and Non-Alcoholic Beverages 2015 =100,In_Food CPI,Food Volume,In_Food Volume,CPI Index: Bread and Cereals 2015 =100 ,CPI Index: Meat 2015 =100 ,CPI Index: Fish 2015 =100,"CPI Index: Milk, Cheese and Eggs 2015 = 100",CPI Index: Fruit 2015 =100 ,CPI Index: Vegetables including potatoes and other tubers 2015 =100,CPI Index: Transport 2015 =100 ,CVM SA Index: Transportation and Storage  2015 = 100,Exchange Rate (2015=100),In_Exhange Rate,Real Disposable Income,In_Income,"CVM SA Index: Agriculture, Forestry and Fishing 2015 =100",AN – UK produced (34.5% N),AN – imported  (34.5% N),Granular Urea : Standard specification (46% N),UAN (30% N w/w kg per tonne),"PPI Index Import EU: Vegetables and melons, roots and tubers 2015=100",PPI Index Import EU: Sugar cane 2015=100,"PPI Index Import EU: Sheep and goats, live; raw milk and shorn wool from sheep and goats 2015=100",PPI Index Import EU: Meat and poultry meat products 2015=100,"PPI Index Import  EU: Processed and preserved fish, crustaceans and molluscs 2015=100",PPI Index Import EU: Processed and preserved potatoes 2015=100,PPI Index Import EU: Fruit and vegetable juices 2015=100,PPI Index Import EU: Fertilisers and nitrogen compounds 2015=100,PPI IndexImport EU: Agricultural and forestry machinery 2015=100,,,,,,,
1/1/2015,108.45,4.69,115.85,4.75,112.15,4.72,47.76,3.87,101.30,4.62,98.10,4.59,100.60,101.70,104.20,102.40,101.30,101.30,98.10,92.70,87.72,4.47,5882.33,8.68,102.60,0.00,0.00,0.00,0.00,100.30,105.50,104.90,87.00,101.20,102.50,101.40,106.50,99.60,,,,,,,
2/1/2015,107.20,4.67,114.60,4.74,110.90,4.71,58.10,4.06,101.00,4.62,98.00,4.58,101.30,101.80,103.90,100.40,100.40,101.40,98.50,91.70,90.04,4.5,5923.00,8.69,98.70,0.00,0.00,0.00,0.00,99.80,101.90,107.20,93.70,102.40,101.20,100.20,108.50,99.20,,,,,,,
3/1/2015,111.04,4.71,118.21,4.77,114.63,4.74,55.89,4.02,100.90,4.61,98.00,4.58,101.00,101.10,101.90,101.60,100.50,101.10,99.20,91.30,90.37,4.5,5963.67,8.69,96.60,0.00,0.00,0.00,0.00,101.10,99.60,103.00,107.90,101.10,100.40,100.20,107.50,98.80,,,,,,,
4/1/2015,112.55,4.72,119.09,4.78,115.82,4.75,59.52,4.09,100.50,4.61,98.50,4.59,100.10,101.10,98.80,101.00,100.40,100.50,100.30,91.40,90.13,4.5,6010.00,8.7,96.70,0.00,0.00,0.00,0.00,101.00,99.40,102.70,105.70,101.10,100.30,99.50,106.50,98.80,,,,,,,
5/1/2015,115.75,4.75,120.97,4.8,118.36,4.77,64.08,4.16,100.40,4.61,98.80,4.59,100.20,100.40,99.90,101.00,100.40,100.50,100.90,90.30,91.30,4.51,6045.00,8.71,95.90,0.00,0.00,0.00,0.00,99.50,99.50,98.40,105.70,100.20,100.30,98.90,101.40,98.30,,,,,,,
6/1/2015,116.40,4.76,121.24,4.8,118.82,4.78,61.48,4.12,100.20,4.61,99.00,4.6,99.10,100.40,100.00,101.70,99.00,101.40,101.10,91.10,92.09,4.52,6080.00,8.71,94.70,0.00,0.00,0.00,0.00,99.10,99.20,93.00,103.60,100.00,100.20,98.30,94.40,99.60,,,,,,,
7/1/2015,116.40,4.76,118.73,4.78,117.57,4.77,56.56,4.04,99.50,4.6,98.90,4.59,99.80,100.50,99.80,98.90,97.60,99.70,102.30,91.50,93.28,4.54,6149.00,8.72,93.70,0.00,0.00,0.00,0.00,99.10,97.40,93.50,105.80,100.00,99.60,97.30,94.70,99.60,,,,,,,
8/1/2015,114.48,4.74,111.70,4.72,113.09,4.73,46.52,3.84,99.50,4.6,98.30,4.59,99.40,99.40,99.00,99.30,97.20,99.40,102.40,90.90,93.44,4.54,6150.00,8.72,93.40,0.00,0.00,0.00,0.00,99.10,98.50,92.40,101.20,100.50,99.20,96.90,96.00,99.90,,,,,,,
9/1/2015,111.49,4.71,109.81,4.7,110.65,4.71,47.62,3.86,99.50,4.6,101.10,4.62,99.40,99.80,98.60,98.60,97.50,99.90,99.90,91.50,91.80,4.52,6151.00,8.72,94.20,0.00,0.00,0.00,0.00,99.90,100.90,96.80,103.10,98.50,99.40,101.20,97.40,101.80,,,,,,,
10/1/2015,108.90,4.69,110.68,4.71,109.79,4.7,48.43,3.88,99.10,4.6,99.30,4.6,99.70,98.00,97.60,98.50,100.10,98.90,98.90,91.50,91.56,4.52,6167.67,8.73,95.90,0.00,0.00,0.00,0.00,99.80,100.90,100.00,101.00,98.90,99.50,102.70,97.00,101.80,,,,,,,
11/1/2015,107.24,4.68,110.12,4.7,108.68,4.69,44.27,3.79,99.20,4.6,100.10,4.61,99.50,97.80,97.30,97.70,102.20,99.10,98.20,91.10,93.34,4.54,6153.00,8.72,95.90,0.00,0.00,0.00,0.00,100.30,97.30,103.50,98.40,97.60,98.20,101.40,93.50,101.00,,,,,,,
12/1/2015,103.68,4.64,107.77,4.68,105.73,4.66,38.01,3.64,99.00,4.6,100.70,4.61,100.10,98.10,98.90,98.90,103.40,96.80,100.00,90.00,91.50,4.52,6138.33,8.72,94.00,0.00,0.00,0.00,0.00,100.90,100.00,104.30,86.80,98.70,99.20,102.00,96.60,101.70,,,,,,,
1/1/2016,101.74,4.62,102.52,4.63,102.13,4.63,30.70,3.42,98.60,4.59,101.90,4.62,98.80,97.80,97.20,97.90,100.00,97.30,97.50,92.20,88.45,4.48,6111.67,8.72,91.00,0.00,0.00,0.00,0.00,103.00,103.80,105.60,80.50,100.50,100.70,104.80,97.70,102.50,,,,,,,
2/1/2016,101.40,4.62,101.02,4.62,101.21,4.62,32.18,3.47,98.80,4.59,102.00,4.62,99.00,97.40,98.90,97.40,100.00,99.40,97.50,93.70,86.66,4.46,6109.00,8.72,88.90,0.00,0.00,0.00,0.00,103.40,106.70,106.80,83.90,101.70,101.80,106.00,94.20,103.80,,,,,,,
3/1/2016,101.73,4.62,102.40,4.63,102.07,4.63,38.21,3.64,98.10,4.59,101.90,4.62,98.90,96.70,96.40,97.30,102.40,97.00,99.10,89.80,85.75,4.45,6106.33,8.72,88.80,0.00,0.00,0.00,0.00,103.50,107.40,108.40,84.00,112.60,102.10,106.30,87.90,104.00,,,,,,,
4/1/2016,106.44,4.67,106.94,4.67,106.69,4.67,41.58,3.73,98.00,4.58,101.50,4.62,98.40,96.10,96.10,96.20,100.40,96.70,99.00,92.70,84.93,4.44,6117.67,8.72,89.50,0.00,0.00,0.00,0.00,103.30,108.90,114.40,91.70,113.40,102.70,107.50,85.20,104.40,,,,,,,
5/1/2016,108.43,4.69,109.07,4.69,108.75,4.69,46.74,3.84,97.60,4.58,102.40,4.63,98.40,95.20,95.80,97.00,100.30,95.50,99.90,91.30,86.65,4.46,6101.00,8.72,91.20,0.00,0.00,0.00,0.00,102.60,107.60,114.40,88.80,110.90,102.20,110.00,74.00,104.00,,,,,,,
6/1/2016,110.96,4.71,111.86,4.72,111.41,4.71,48.25,3.88,97.20,4.58,102.10,4.63,97.80,96.30,95.80,95.50,99.30,94.70,100.90,92.20,84.92,4.44,6084.33,8.71,92.40,0.00,0.00,0.00,0.00,103.80,108.70,117.00,94.10,111.50,102.60,110.80,73.60,104.20,,,,,,,
7/1/2016,111.66,4.72,112.65,4.72,112.16,4.72,44.95,3.81,96.90,4.57,102.50,4.63,97.10,95.00,98.40,96.90,97.80,95.90,102.60,92.00,79.38,4.37,6063.33,8.71,93.20,0.00,0.00,0.00,0.00,108.10,115.70,113.00,105.00,107.70,105.40,114.10,77.30,106.30,,,,,,,
8/1/2016,109.05,4.69,110.68,4.71,109.87,4.7,45.84,3.83,97.30,4.58,103.50,4.64,98.50,95.40,98.10,96.70,98.80,94.80,103.50,92.60,78.36,4.36,6051.00,8.71,93.30,0.00,0.00,0.00,0.00,108.30,117.60,112.80,101.60,108.20,106.10,114.40,77.60,106.60,,,,,,,
9/1/2016,111.21,4.71,113.23,4.73,112.22,4.72,46.57,3.84,97.30,4.58,103.70,4.64,97.90,95.30,96.80,95.80,101.10,95.90,101.10,93.10,78.68,4.37,6038.67,8.71,92.90,0.00,0.00,0.00,0.00,108.10,117.30,116.50,110.40,108.20,106.00,114.50,77.40,106.80,,,,,,,
10/1/2016,113.56,4.73,115.64,4.75,114.60,4.74,49.52,3.9,96.80,4.57,104.10,4.65,97.60,94.80,99.60,95.70,102.30,94.10,101.10,92.70,74.69,4.31,6021.67,8.7,92.10,0.00,0.00,0.00,0.00,111.90,122.80,125.20,117.50,111.10,119.20,117.70,81.30,109.80,,,,,,,
11/1/2016,115.88,4.75,118.36,4.77,117.12,4.76,44.73,3.8,97.20,4.58,103.60,4.64,98.50,95.00,99.30,96.00,105.60,94.40,100.70,91.70,76.69,4.34,6014.00,8.7,93.00,0.00,0.00,0.00,0.00,119.70,119.20,130.50,117.40,110.70,117.80,116.00,80.00,109.50,,,,,,,
12/1/2016,114.07,4.74,117.16,4.76,115.62,4.75,53.31,3.98,97.90,4.58,102.70,4.63,99.80,95.90,99.90,96.50,105.60,95.20,103.70,91.60,78.28,4.36,6006.33,8.7,95.30,0.00,0.00,0.00,0.00,120.00,116.20,126.90,116.70,109.90,114.50,115.00,83.30,109.10,,,,,,,
1/1/2017,118.69,4.78,121.99,4.8,120.34,4.79,54.58,4,98.10,4.59,102.30,4.63,98.00,96.20,100.20,96.00,101.20,96.30,103.00,92.60,77.00,4.34,5952.00,8.69,98.10,239.00,233.00,0.00,190.00,126.10,118.40,123.90,113.60,114.10,115.80,116.40,94.00,109.70,,,,,,,
2/1/2017,119.86,4.79,122.80,4.81,121.33,4.8,54.87,4,98.90,4.59,102.80,4.63,99.90,96.60,104.80,96.60,102.50,98.50,104.20,93.20,77.58,4.35,5991.00,8.7,99.90,249.00,238.00,0.00,204.00,128.50,127.00,123.20,110.50,113.40,115.30,115.70,102.60,109.80,,,,,,,
3/1/2017,119.39,4.78,122.34,4.81,120.87,4.79,51.59,3.94,99.30,4.6,102.70,4.63,100.30,96.70,104.80,98.20,103.70,98.70,103.70,93.20,76.54,4.34,6030.00,8.7,100.10,244.00,237.00,0.00,204.00,132.60,129.00,122.30,110.40,114.90,116.00,118.40,107.00,109.90,,,,,,,
4/1/2017,117.30,4.76,119.89,4.79,118.60,4.78,52.31,3.96,99.50,4.6,103.00,4.63,101.10,97.50,103.50,97.40,103.50,98.80,105.30,93.30,78.18,4.36,6099.33,8.72,99.20,238.00,226.00,0.00,205.00,129.90,126.30,120.00,118.20,116.60,115.80,117.70,102.10,109.50,,,,,,,
5/1/2017,115.52,4.75,117.40,4.77,116.46,4.76,50.33,3.92,99.60,4.6,102.10,4.63,100.50,97.20,105.80,98.20,102.90,97.70,104.60,93.60,78.60,4.36,6108.00,8.72,97.70,209.00,203.00,0.00,204.00,127.00,127.30,121.30,134.50,122.90,116.30,118.10,82.90,108.80,,,,,,,
6/1/2017,115.55,4.75,117.54,4.77,116.55,4.76,46.37,3.84,99.40,4.6,101.30,4.62,100.80,97.60,107.90,98.20,102.50,96.80,104.60,92.50,77.03,4.34,6116.67,8.72,96.70,186.00,181.00,0.00,156.00,125.00,130.40,114.70,137.50,124.20,117.60,119.70,83.90,109.80,,,,,,,
7/1/2017,113.90,4.74,115.40,4.75,114.65,4.74,48.48,3.88,99.40,4.6,101.80,4.62,100.70,97.10,105.80,98.80,101.30,97.30,105.70,93.10,76.98,4.34,6125.00,8.72,96.10,193.00,185.00,0.00,156.00,121.90,131.90,107.70,137.50,123.80,118.10,118.50,83.30,110.10,,,,,,,
8/1/2017,115.64,4.75,117.35,4.77,116.50,4.76,51.70,3.95,99.40,4.6,102.20,4.63,101.30,97.00,107.60,98.50,101.00,96.90,106.80,93.40,75.51,4.32,6134.00,8.72,95.60,198.00,193.00,0.00,158.00,115.50,135.40,110.40,133.20,124.10,119.50,119.50,83.90,109.80,,,,,,,
9/1/2017,118.93,4.78,120.52,4.79,119.73,4.79,56.15,4.03,100.20,4.61,102.20,4.63,100.90,98.30,110.00,98.40,102.60,96.90,105.30,93.70,77.17,4.35,6143.00,8.72,95.10,211.00,213.00,0.00,158.00,114.20,132.90,108.40,134.80,124.70,118.50,119.40,87.30,110.50,,,,,,,
10/1/2017,117.15,4.76,120.34,4.79,118.75,4.78,57.51,4.05,100.60,4.61,102.60,4.63,101.80,98.50,108.10,100.30,105.80,99.40,105.20,94.20,77.27,4.35,6145.67,8.72,94.90,224.00,224.00,0.00,157.00,112.30,132.60,112.50,132.10,124.40,118.30,120.30,91.30,111.20,,,,,,,
11/1/2017,119.12,4.78,122.72,4.81,120.92,4.8,62.71,4.14,101.10,4.62,102.50,4.63,102.30,98.60,108.50,100.70,108.90,99.20,105.30,93.30,77.57,4.35,6161.00,8.73,93.30,236.00,229.00,0.00,194.00,114.70,132.00,118.70,125.70,123.50,118.20,121.10,104.40,111.40,,,,,,,
12/1/2017,119.99,4.79,123.51,4.82,121.75,4.8,64.37,4.16,101.80,4.62,102.50,4.63,104.00,99.90,109.00,101.10,109.30,97.90,107.60,92.80,78.24,4.36,6176.33,8.73,91.00,246.00,0.00,0.00,0.00,120.30,130.00,117.10,112.20,121.00,117.90,119.00,103.20,111.30,,,,,,,
1/1/2018,121.16,4.8,124.55,4.82,122.86,4.81,69.08,4.24,101.70,4.62,101.50,4.62,102.10,99.00,109.10,99.80,108.50,99.40,106.50,92.90,78.88,4.37,6227.33,8.74,88.60,243.00,233.00,0.00,214.00,124.30,130.00,117.60,110.00,117.80,117.90,121.80,99.20,111.60,,,,,,,
2/1/2018,121.44,4.8,124.66,4.83,123.05,4.81,65.32,4.18,101.90,4.62,102.50,4.63,102.60,99.20,110.50,102.50,108.80,99.10,107.10,92.10,78.98,4.37,6207.00,8.73,86.30,243.00,233.00,252.00,214.00,119.40,130.10,120.60,108.00,123.60,118.00,121.20,98.20,112.10,,,,,,,
3/1/2018,119.11,4.78,122.79,4.81,120.95,4.8,66.02,4.19,102.30,4.63,101.20,4.62,102.20,99.80,109.00,102.70,107.30,99.60,106.80,91.90,79.18,4.37,6186.67,8.73,84.40,242.00,232.00,253.00,214.00,124.30,129.90,124.10,106.70,119.70,117.90,121.00,95.70,112.10,,,,,,,
4/1/2018,120.57,4.79,124.16,4.82,122.37,4.81,72.11,4.28,102.10,4.63,102.70,4.63,102.00,99.50,109.60,101.00,105.80,98.80,107.90,93.80,80.18,4.38,6141.33,8.72,82.40,240.00,226.00,250.00,215.00,126.50,128.30,112.40,108.20,119.70,117.20,123.80,92.00,111.80,,,,,,,
5/1/2018,124.67,4.83,128.29,4.85,126.48,4.84,76.98,4.34,101.90,4.62,104.10,4.65,102.00,98.90,111.30,100.80,105.60,99.50,109.50,95.80,78.71,4.37,6146.00,8.72,81.50,228.00,214.00,244.00,213.00,132.20,129.30,109.70,108.80,125.50,117.60,126.10,89.50,112.20,,,,,,,
6/1/2018,127.94,4.85,131.88,4.88,129.91,4.87,74.41,4.31,101.40,4.62,104.00,4.64,101.90,98.40,111.10,100.30,104.40,98.60,110.40,96.50,78.38,4.36,6150.67,8.72,81.00,227.00,215.00,266.00,205.00,138.40,129.40,111.40,109.40,123.90,112.70,131.90,88.90,113.50,,,,,,,
7/1/2018,127.62,4.85,131.80,4.88,129.71,4.87,74.25,4.31,101.70,4.62,104.80,4.65,102.30,98.60,109.20,101.50,103.70,98.50,111.80,96.80,78.08,4.36,6129.33,8.72,80.50,243.00,232.00,282.00,202.00,137.50,129.50,113.60,108.60,128.90,113.70,132.70,96.00,113.70,,,,,,,
8/1/2018,128.62,4.86,132.49,4.89,130.56,4.87,72.53,4.28,101.90,4.62,104.00,4.64,102.10,98.40,111.00,101.10,103.50,99.90,113.30,97.80,77.27,4.35,6160.00,8.73,80.60,260.00,245.00,285.00,208.00,138.30,130.40,114.40,109.60,128.20,115.30,135.00,100.60,113.80,,,,,,,
9/1/2018,130.75,4.87,134.48,4.9,132.62,4.89,78.89,4.37,101.70,4.62,103.30,4.64,101.10,98.00,110.90,100.80,105.50,99.60,111.20,98.50,78.05,4.36,6190.67,8.73,81.10,276.00,261.00,297.00,220.00,130.50,128.90,116.00,112.50,129.00,115.10,133.70,101.90,114.00,,,,,,,
10/1/2018,130.88,4.87,136.62,4.92,133.75,4.9,81.03,4.39,101.50,4.62,103.40,4.64,101.90,97.40,111.20,99.50,109.00,100.80,110.80,99.60,78.53,4.36,6257.00,8.74,82.20,283.00,271.00,305.00,0.00,125.60,127.40,115.10,111.70,134.40,123.30,133.30,106.50,114.00,,,,,,,
11/1/2018,128.61,4.86,137.06,4.92,132.84,4.89,64.75,4.17,101.60,4.62,103.80,4.64,101.30,97.30,110.70,99.70,109.70,101.80,110.40,99.60,78.21,4.36,6252.00,8.74,83.70,293.00,274.00,298.00,248.00,126.70,127.40,114.00,109.80,134.20,123.10,127.90,111.10,114.10,,,,,,,
12/1/2018,120.97,4.8,131.00,4.88,125.99,4.84,57.36,4.05,102.50,4.63,104.10,4.65,103.80,98.10,110.60,101.20,109.10,101.90,111.30,99.50,76.61,4.34,6247.00,8.74,85.60,292.00,274.00,294.00,252.00,127.80,129.40,115.40,109.40,134.80,127.10,129.70,113.90,114.40,,,,,,,
1/1/2019,119.46,4.78,129.27,4.86,124.37,4.82,59.41,4.08,102.60,4.63,105.00,4.65,100.50,98.40,111.30,100.00,110.20,102.30,109.90,99.30,77.70,4.35,6210.00,8.73,88.30,278.00,272.00,285.00,248.00,120.30,127.60,115.20,108.40,134.10,136.20,126.30,111.90,114.20,,,,,,,
2/1/2019,118.85,4.78,128.93,4.86,123.89,4.82,63.96,4.16,103.00,4.63,103.70,4.64,103.10,98.00,112.40,101.60,108.60,103.90,110.40,100.00,78.71,4.37,6237.00,8.74,90.20,278.00,262.00,274.00,245.00,117.20,123.70,115.40,107.60,132.70,134.50,122.70,108.90,114.50,,,,,,,
3/1/2019,120.41,4.79,130.72,4.87,125.57,4.83,66.14,4.19,103.10,4.64,104.20,4.65,103.90,97.90,110.60,100.70,106.20,104.90,110.30,99.10,79.81,4.38,6264.00,8.74,91.70,264.00,254.00,261.00,245.00,119.80,122.00,113.80,109.00,135.60,132.70,121.60,102.60,114.30,,,,,,,
4/1/2019,124.10,4.82,132.85,4.89,128.48,4.86,71.23,4.27,102.80,4.63,104.70,4.65,103.80,97.60,109.50,100.20,105.70,103.80,112.90,100.60,79.33,4.37,6318.00,8.75,93.00,263.00,251.00,262.00,241.00,126.00,122.40,113.90,111.30,137.40,133.20,122.20,99.80,114.40,,,,,,,
5/1/2019,128.07,4.85,135.33,4.91,131.70,4.88,71.32,4.27,102.90,4.63,103.90,4.64,103.70,97.90,111.90,101.20,104.30,103.30,112.50,101.10,78.69,4.37,6318.00,8.75,93.90,263.00,245.00,268.00,243.00,127.60,123.40,119.40,115.10,138.70,134.20,123.40,98.50,114.50,,,,,,,
6/1/2019,127.63,4.85,133.39,4.89,130.51,4.87,64.22,4.16,103.10,4.64,103.90,4.64,103.00,98.20,112.30,100.70,106.70,103.80,113.00,100.20,77.09,4.34,6318.00,8.75,94.90,258.00,245.00,280.00,242.00,129.60,126.60,123.70,117.10,137.10,136.90,124.10,102.30,114.80,,,,,,,
7/1/2019,127.38,4.85,131.76,4.88,129.57,4.86,63.92,4.16,103.10,4.64,104.70,4.65,103.60,97.90,113.50,100.50,105.70,104.30,113.40,101.20,76.00,4.33,6298.33,8.75,96.20,258.00,245.00,282.00,224.00,131.80,124.90,126.70,120.50,136.60,137.90,125.60,105.30,114.80,,,,,,,
8/1/2019,128.51,4.86,132.58,4.89,130.55,4.87,59.04,4.08,103.70,4.64,104.70,4.65,104.90,98.80,111.80,101.50,104.90,104.30,114.90,100.20,74.77,4.31,6318.00,8.75,98.40,258.00,248.00,281.00,224.00,135.20,127.00,127.40,138.80,135.80,140.30,128.20,108.60,115.10,,,,,,,
9/1/2019,126.99,4.84,131.27,4.88,129.13,4.86,62.83,4.14,103.50,4.64,105.40,4.66,102.20,98.70,113.60,101.50,107.40,103.40,111.90,100.00,76.52,4.34,6337.67,8.75,101.30,257.00,245.00,276.00,224.00,132.90,124.20,122.10,137.60,135.20,137.00,126.20,106.60,114.80,,,,,,,
10/1/2019,127.07,4.84,131.89,4.88,129.48,4.86,59.71,4.09,102.80,4.63,105.20,4.66,103.70,98.00,112.60,101.00,107.30,100.70,111.70,100.10,78.14,4.36,6411.00,8.77,103.20,258.00,244.00,272.00,226.00,129.80,122.40,117.10,136.70,140.00,134.70,123.90,101.60,114.80,,,,,,,
11/1/2019,125.65,4.83,130.28,4.87,127.97,4.85,63.21,4.15,103.70,4.64,104.50,4.65,104.10,99.00,113.30,101.40,109.90,101.70,111.40,97.80,79.51,4.38,6377.00,8.76,104.60,256.00,244.00,265.00,224.00,127.60,120.50,108.20,135.30,138.60,132.50,122.20,97.00,115.00,,,,,,,
12/1/2019,124.41,4.82,129.43,4.86,126.92,4.84,67.31,4.21,104.30,4.65,105.70,4.66,104.60,99.80,113.40,102.50,110.70,103.30,112.10,97.80,80.57,4.39,6343.00,8.76,104.20,256.00,242.00,257.00,0.00,125.40,119.30,108.30,137.90,138.50,131.50,120.90,94.90,115.40,,,,,,,
1/1/2020,127.14,4.85,132.63,4.89,129.89,4.87,63.65,4.15,104.10,4.65,105.50,4.66,103.20,100.20,112.20,100.80,110.70,103.30,112.00,97.90,80.27,4.39,6304.00,8.75,102.00,234.00,223.00,246.00,0.00,125.60,119.40,107.40,151.00,138.50,131.50,122.50,93.50,115.80,,,,,,,
2/1/2020,123.58,4.82,127.79,4.85,125.69,4.83,55.66,4.02,104.30,4.65,105.00,4.65,103.00,100.30,113.60,101.80,112.00,103.40,112.40,95.80,80.59,4.39,6275.00,8.74,101.30,231.00,218.00,247.00,0.00,126.70,121.30,109.70,150.40,139.00,134.00,123.80,97.50,115.90,,,,,,,
3/1/2020,120.24,4.79,124.09,4.82,122.17,4.81,32.01,3.47,104.50,4.65,113.20,4.73,106.60,99.90,113.00,102.00,108.20,101.40,111.80,74.20,76.82,4.34,6246.00,8.74,99.40,234.00,221.00,253.00,0.00,133.30,124.40,112.20,154.40,133.40,137.90,128.30,98.10,116.20,,,,,,,
4/1/2020,108.97,4.69,115.81,4.75,112.39,4.72,18.38,2.91,104.20,4.65,109.80,4.7,104.70,100.40,117.00,100.10,108.00,103.10,111.80,43.20,78.10,4.36,6144.33,8.72,90.50,236.00,223.00,0.00,0.00,132.50,122.30,111.30,151.00,132.90,135.10,126.70,95.60,116.10,,,,,,,
5/1/2020,104.78,4.65,111.62,4.72,108.20,4.68,29.38,3.38,104.80,4.65,111.40,4.71,105.70,100.60,115.90,100.50,108.30,104.60,110.60,45.50,77.16,4.35,6188.00,8.73,93.20,226.00,210.00,0.00,0.00,133.80,124.10,108.40,122.70,132.80,136.40,128.70,97.30,116.80,,,,,,,
6/1/2020,105.83,4.66,111.90,4.72,108.87,4.69,40.27,3.7,104.20,4.65,110.80,4.71,104.40,100.90,116.10,101.40,109.10,102.40,111.20,55.30,76.94,4.34,6231.67,8.74,95.00,200.00,185.00,232.00,0.00,134.10,131.20,107.70,123.90,130.30,137.70,128.80,94.30,118.40,,,,,,,
7/1/2020,111.15,4.71,116.55,4.76,113.85,4.73,43.24,3.77,103.90,4.64,108.10,4.68,105.80,100.10,114.20,100.60,106.80,101.90,112.60,64.00,76.97,4.34,6309.00,8.75,94.20,207.00,191.00,244.00,0.00,139.40,133.80,106.60,125.30,129.20,138.60,128.40,95.50,118.50,,,,,,,
8/1/2020,112.77,4.73,117.67,4.77,115.22,4.75,44.74,3.8,104.10,4.65,110.40,4.7,104.30,100.60,113.90,101.70,106.80,102.70,113.80,65.00,78.17,4.36,6319.00,8.75,94.80,218.00,202.00,260.00,0.00,135.70,133.40,107.40,125.40,125.90,138.50,126.30,96.30,118.60,,,,,,,
9/1/2020,113.21,4.73,118.00,4.77,115.61,4.75,40.91,3.71,103.40,4.64,110.90,4.71,103.90,100.30,113.50,99.10,107.10,100.90,113.00,67.50,77.23,4.35,6329.00,8.75,95.40,225.00,211.00,259.00,0.00,135.60,129.20,107.70,125.80,125.00,139.40,126.60,100.10,118.80,,,,,,,
10/1/2020,113.15,4.73,117.85,4.77,115.50,4.75,40.19,3.69,103.40,4.64,109.30,4.69,105.60,99.80,111.20,99.60,108.80,100.80,113.10,66.20,77.44,4.35,6332.67,8.75,93.20,0.00,207.00,251.00,192.00,140.10,132.90,109.20,127.10,128.90,139.30,127.00,101.30,117.30,,,,,,,
11/1/2020,112.51,4.72,117.05,4.76,114.78,4.74,42.69,3.75,103.10,4.64,111.70,4.72,105.40,99.10,112.70,100.30,109.90,100.00,112.50,65.60,78.26,4.36,6349.00,8.76,94.00,219.00,208.00,254.00,0.00,146.60,136.20,108.30,126.40,123.00,137.90,125.50,101.70,117.30,,,,,,,
12/1/2020,114.04,4.74,118.66,4.78,116.35,4.76,49.99,3.91,102.80,4.63,107.40,4.68,105.30,98.40,109.90,100.80,110.20,99.00,114.20,67.30,78.07,4.36,6365.33,8.76,96.10,228.00,217.00,262.00,0.00,146.40,137.40,109.50,123.70,123.90,138.90,124.90,102.90,117.40,,,,,,,
1/1/2021,117.25,4.76,121.73,4.8,119.49,4.78,54.77,4,103.40,4.64,111.20,4.71,104.50,99.30,111.00,99.20,109.20,100.80,114.30,61.60,79.05,4.37,6395.33,8.76,98.50,0.00,245.00,287.00,0.00,163.90,134.70,107.00,120.20,123.20,129.30,123.10,98.80,117.50,,,,,,,
2/1/2021,120.69,4.79,124.91,4.83,122.80,4.81,62.28,4.13,103.60,4.64,112.30,4.72,105.60,98.70,112.10,101.30,110.30,102.30,115.20,63.00,80.62,4.39,6398.00,8.76,100.30,279.00,268.00,317.00,223.00,168.10,124.50,104.00,117.10,121.40,126.60,121.20,104.70,117.90,,,,,,,
3/1/2021,124.04,4.82,128.11,4.85,126.08,4.84,65.41,4.18,103.00,4.63,113.50,4.73,104.50,98.70,111.00,99.80,109.80,100.90,115.90,65.30,81.67,4.4,6400.67,8.76,100.60,283.00,271.00,318.00,0.00,174.00,122.60,104.20,116.80,122.20,125.00,116.70,119.00,117.80,,,,,,,
4/1/2021,125.47,4.83,129.22,4.86,127.35,4.85,64.81,4.17,103.80,4.64,112.60,4.72,105.70,98.60,109.80,100.80,109.10,102.30,117.20,67.40,81.39,4.4,6425.00,8.77,98.90,281.00,270.00,0.00,0.00,168.40,123.20,105.10,119.30,123.40,126.00,117.20,130.00,117.80,,,,,,,
5/1/2021,127.31,4.85,130.93,4.87,129.12,4.86,68.53,4.23,103.50,4.64,107.10,4.67,104.00,97.90,110.60,101.60,109.80,102.60,117.60,67.80,81.95,4.41,6406.00,8.76,98.50,284.00,270.00,0.00,0.00,178.40,125.50,108.80,118.40,125.00,125.70,116.20,129.30,118.20,,,,,,,
6/1/2021,129.32,4.86,132.91,4.89,131.12,4.88,73.16,4.29,103.60,4.64,110.70,4.71,105.80,99.30,112.20,101.10,109.00,101.30,119.10,71.60,82.01,4.41,6387.00,8.76,98.70,297.00,291.00,0.00,0.00,166.20,122.10,109.80,120.00,124.10,125.30,116.20,129.10,119.10,,,,,,,
7/1/2021,132.74,4.89,135.37,4.91,134.06,4.9,75.17,4.32,103.30,4.64,109.60,4.7,105.60,99.10,109.00,100.30,108.10,101.10,121.30,74.30,81.81,4.4,6390.33,8.76,98.40,326.00,311.00,0.00,0.00,173.20,121.80,105.30,134.50,126.10,124.90,117.40,137.60,119.20,,,,,,,
8/1/2021,134.52,4.9,136.92,4.92,135.72,4.91,70.75,4.26,104.40,4.65,109.10,4.69,106.40,99.90,111.20,102.10,108.00,101.70,122.70,76.90,81.95,4.41,6349.00,8.76,98.20,346.00,324.00,0.00,0.00,182.80,121.30,105.00,133.50,126.00,124.30,117.10,138.00,119.20,,,,,,,
9/1/2021,134.59,4.9,136.84,4.92,135.72,4.91,74.49,4.31,104.20,4.65,108.10,4.68,105.40,99.50,110.50,101.30,109.70,101.60,122.40,80.00,81.54,4.4,6307.67,8.75,97.10,0.00,395.00,0.00,0.00,191.70,124.80,104.90,133.70,123.30,125.00,117.40,148.10,120.00,,,,,,,
10/1/2021,137.66,4.92,143.28,4.96,140.47,4.94,83.54,4.43,104.70,4.65,108.30,4.68,105.80,100.40,112.10,102.60,111.30,102.80,124.30,82.20,82.02,4.41,6223.33,8.74,95.90,0.00,587.00,678.00,0.00,225.80,123.60,101.50,132.40,125.40,124.80,117.30,154.70,120.40,,,,,,,
11/1/2021,145.95,4.98,149.81,5.01,147.88,5,81.05,4.4,105.70,4.66,107.30,4.68,106.50,100.70,111.90,103.80,114.80,102.70,126.50,85.90,81.45,4.4,6225.00,8.74,96.50,616.00,638.00,728.00,0.00,243.70,123.80,99.80,131.90,123.90,124.70,118.40,233.90,120.40,,,,,,,
12/1/2021,145.69,4.98,149.20,5.01,147.45,4.99,74.17,4.31,107.10,4.67,108.20,4.68,109.00,102.80,111.80,105.30,115.90,104.90,127.80,87.90,81.38,4.4,6226.67,8.74,100.00,0.00,632.00,0.00,0.00,215.70,123.60,100.60,132.20,126.30,125.10,119.60,293.80,122.20,,,,,,,
1/1/2022,144.92,4.98,148.74,5,146.83,4.99,86.51,4.46,107.80,4.68,105.40,4.66,108.30,103.10,114.30,104.80,116.70,105.40,127.30,87.70,82.69,4.42,6281.33,8.75,101.30,645.00,647.00,758.00,0.00,237.20,122.30,101.40,132.00,127.10,124.70,119.10,316.80,122.80,,,,,,,
2/1/2022,147.00,4.99,151.08,5.02,149.04,5,97.13,4.58,108.90,4.69,104.50,4.65,110.10,103.80,115.70,107.60,117.20,106.60,128.40,90.00,82.55,4.41,6230.00,8.74,101.60,649.00,643.00,724.00,0.00,260.70,120.60,100.70,131.10,124.30,125.00,120.70,319.00,123.90,,,,,,,
3/1/2022,161.86,5.09,171.39,5.14,166.63,5.12,117.25,4.76,109.00,4.69,104.50,4.65,110.00,104.20,116.20,108.40,115.70,105.70,131.50,92.10,81.77,4.4,6178.67,8.73,101.90,839.00,0.00,911.00,0.00,251.50,120.00,97.80,129.90,127.70,124.60,124.00,391.50,123.90,,,,,,,
4/1/2022,161.67,5.09,175.72,5.17,168.70,5.13,104.58,4.65,110.70,4.71,103.70,4.64,112.30,106.20,118.50,110.30,115.90,107.10,132.90,94.80,81.25,4.4,6080.33,8.71,102.50,785.00,769.00,895.00,688.00,285.00,119.40,101.00,138.60,124.90,126.50,126.70,398.30,124.10,,,,,,,
5/1/2022,165.17,5.11,179.58,5.19,172.38,5.15,113.34,4.73,112.40,4.72,101.60,4.62,114.10,107.50,118.10,112.50,115.90,109.40,133.80,93.10,79.90,4.38,6076.00,8.71,103.70,716.00,731.00,783.00,0.00,331.00,121.10,110.20,171.20,124.90,132.60,130.60,345.90,124.80,,,,,,,
6/1/2022,183.10,5.21,190.15,5.25,186.63,5.23,122.71,4.81,113.70,4.73,104.50,4.65,116.00,110.30,121.20,116.10,116.50,110.40,136.90,94.30,79.34,4.37,6071.67,8.71,105.50,758.00,738.00,742.00,619.00,322.50,126.50,117.40,171.90,125.00,133.90,133.10,349.70,125.40,,,,,,,
7/1/2022,188.79,5.24,197.38,5.29,193.09,5.26,111.93,4.72,116.30,4.76,105.30,4.66,118.60,112.10,122.90,119.80,117.30,112.80,139.20,100.40,78.94,4.37,6034.00,8.71,107.80,841.00,793.00,746.00,0.00,230.10,129.00,125.70,175.30,128.40,132.80,135.80,357.30,125.40,,,,,,,
8/1/2022,173.87,5.16,184.95,5.22,179.41,5.19,100.45,4.61,118.00,4.77,104.60,4.65,118.90,113.10,126.80,124.60,117.40,114.90,137.40,95.80,79.11,4.37,6063.00,8.71,109.70,0.00,830.00,776.00,0.00,231.60,127.70,125.50,175.60,128.40,131.90,136.80,366.10,125.30,,,,,,,
9/1/2022,167.38,5.12,182.22,5.21,174.80,5.16,89.76,4.5,119.30,4.78,101.80,4.62,120.60,114.70,125.40,125.90,119.30,115.50,135.40,98.90,76.36,4.34,6092.00,8.71,110.80,0.00,870.00,864.00,0.00,276.90,131.70,131.30,181.20,152.10,138.00,144.10,470.40,126.10,,,,,,,
10/1/2022,163.12,5.09,182.56,5.21,172.84,5.15,93.33,4.54,121.70,4.8,101.70,4.62,121.80,116.10,129.70,130.50,122.70,118.30,135.40,101.30,77.01,4.34,6178.33,8.73,111.40,0.00,870.00,841.00,0.00,203.20,131.80,133.20,187.70,137.90,137.70,146.90,443.00,127.00,,,,,,,
11/1/2022,164.39,5.1,188.72,5.24,176.56,5.17,91.42,4.52,123.10,4.81,102.00,4.62,124.10,117.30,129.80,131.60,123.90,119.20,135.70,99.40,78.14,4.36,6150.00,8.72,109.60,0.00,741.00,788.00,663.00,195.10,131.50,133.10,186.60,137.90,137.80,145.50,380.30,127.20,,,,,,,
12/1/2022,155.52,5.05,179.41,5.19,167.47,5.12,80.92,4.39,125.10,4.83,101.10,4.62,125.40,118.70,133.70,137.10,123.40,120.50,136.10,97.50,79.04,4.37,6121.67,8.72,106.00,0.00,700.00,725.00,648.00,192.80,131.30,133.10,186.40,144.90,140.20,145.30,282.70,128.20,,,,,,,
1/1/2023,148.45,5,171.27,5.14,159.86,5.07,82.50,4.41,125.80,4.83,100.80,4.61,125.60,118.60,132.20,137.40,123.70,121.70,131.30,100.90,78.31,4.36,6043.00,8.71,102.30,700.00,682.00,582.00,605.00,186.50,132.20,136.90,191.30,145.80,129.80,142.80,277.50,129.10,,,,,,,
2/1/2023,148.02,5,169.50,5.13,158.76,5.07,82.59,4.41,128.50,4.86,101.20,4.62,128.50,120.70,133.90,140.70,126.30,125.80,132.10,99.80,77.83,4.35,6065.00,8.71,99.60,630.00,538.00,521.00,512.00,198.00,133.60,137.60,192.60,149.10,130.60,143.30,253.60,129.50,,,,,,,
3/1/2023,146.87,4.99,166.83,5.12,156.85,5.06,78.43,4.36,129.90,4.87,100.40,4.61,131.30,122.40,135.60,140.60,128.00,126.10,132.60,99.50,78.33,4.36,6087.00,8.71,98.90,465.00,465.00,469.00,448.00,191.40,136.30,145.00,196.80,148.80,156.50,147.10,213.40,129.60,,,,,,,
4/1/2023,146.13,4.98,162.09,5.09,154.11,5.04,84.64,4.44,131.70,4.88,101.10,4.62,133.30,124.50,135.40,142.60,128.40,128.40,134.90,100.30,79.35,4.37,6139.33,8.72,99.80,439.00,431.00,427.00,427.00,185.20,136.30,149.10,205.00,172.20,157.50,146.40,191.80,129.80,,,,,,,
5/1/2023,144.58,4.97,155.29,5.05,149.94,5.01,75.47,4.32,132.90,4.89,100.40,4.61,134.40,125.00,137.80,143.30,128.90,131.00,135.40,99.60,80.15,4.38,6131.00,8.72,100.50,390.00,387.00,396.00,366.00,174.70,135.70,150.50,209.20,173.00,155.70,145.40,181.90,129.70,,,,,,,
6/1/2023,142.71,4.96,145.47,4.98,144.09,4.97,74.84,4.32,133.40,4.89,101.40,4.62,135.30,125.70,136.80,142.60,128.50,131.50,134.50,100.10,81.77,4.4,6122.67,8.72,100.50,344.00,339.00,351.00,295.00,176.30,133.70,148.90,207.30,158.60,153.60,143.40,171.50,128.30,,,,,,,
7/1/2023,142.80,4.96,144.64,4.97,143.72,4.97,80.11,4.38,133.50,4.89,98.70,4.59,135.60,126.30,139.40,142.10,127.10,131.60,136.40,99.10,82.68,4.42,6102.00,8.72,100.00,353.00,344.00,397.00,298.00,173.10,138.10,150.90,206.90,158.70,153.80,142.90,170.60,128.40,,,,,,,
8/1/2023,147.91,5,150.46,5.01,149.19,5.01,86.15,4.46,134.00,4.9,99.90,4.6,136.60,126.60,135.50,143.70,127.10,131.00,136.70,99.70,82.41,4.41,6106.00,8.72,99.50,370.00,362.00,417.00,305.00,175.30,138.10,151.80,203.60,159.30,153.70,143.80,173.60,128.40,,,,,,,
9/1/2023,154.24,5.04,158.34,5.06,156.29,5.05,93.72,4.54,133.80,4.9,99.90,4.6,136.90,126.80,136.40,141.40,126.60,132.10,136.40,99.80,81.50,4.4,6110.00,8.72,99.40,0.00,362.00,408.00,310.00,180.00,138.70,152.00,203.90,160.00,154.20,145.50,179.20,128.70,,,,,,,
10/1/2023,155.35,5.05,162.29,5.09,158.82,5.07,90.60,4.51,134.00,4.9,100.40,4.61,136.60,126.60,136.80,140.80,129.60,131.10,136.10,100.20,80.59,4.39,6084.33,8.71,99.60,0.00,361.00,412.00,311.00,183.00,139.20,150.50,203.10,158.00,155.10,146.80,179.10,128.80,,,,,,,
11/1/2023,152.22,5.03,160.22,5.08,156.22,5.05,82.94,4.42,134.40,4.9,100.80,4.61,135.50,127.00,138.20,140.90,132.20,131.90,133.70,100.50,81.14,4.4,6118.00,8.72,99.90,384.00,359.00,391.00,314.00,179.60,139.50,155.20,197.60,160.60,145.50,147.40,185.60,129.00,,,,,,,
12/1/2023,143.68,4.97,151.87,5.02,147.78,5,77.63,4.35,135.10,4.91,95.60,4.56,137.60,127.20,136.90,141.60,132.10,132.70,134.70,100.60,81.86,4.41,6151.67,8.72,100.00,0.00,354.00,362.00,316.00,176.00,138.70,152.50,197.10,160.30,146.10,150.00,184.30,130.20,,,,,,,
1/1/2024,139.36,4.94,147.83,5,143.60,4.97,80.12,4.38,134.60,4.9,100.20,4.61,135.80,126.40,134.10,141.10,132.50,132.50,130.90,101.40,82.36,4.41,6214.00,8.73,99.70,0.00,350.00,357.00,302.00,175.30,138.60,158.50,195.90,163.60,146.70,181.40,166.40,130.80,,,,,,,
2/1/2024,141.47,4.95,150.45,5.01,145.96,4.98,83.48,4.42,134.90,4.9,99.90,4.6,136.20,126.80,133.80,141.20,132.10,133.70,131.90,104.90,82.48,4.41,6219.00,8.74,99.40,0.00,347.00,365.00,295.00,176.50,138.30,157.50,195.80,158.00,145.30,183.90,165.30,133.90,,,,,,,
3/1/2024,144.66,4.97,153.72,5.04,149.19,5.01,85.41,4.45,135.10,4.91,98.50,4.59,136.50,126.20,132.60,140.30,132.60,134.50,132.80,105.10,82.88,4.42,6224.00,8.74,99.20,339.00,342.00,365.00,295.00,175.30,138.30,154.70,194.70,157.90,145.40,188.10,164.40,130.90,,,,,,,
4/1/2024,148.85,5,157.74,5.06,153.30,5.03,89.94,4.5,135.60,4.91,98.10,4.59,136.90,126.80,133.60,140.20,132.20,134.80,135.00,104.50,82.44,4.41,6201.00,8.73,99.10,337.00,337.00,358.00,293.00,178.20,138.50,155.70,195.80,163.10,146.00,190.00,164.20,137.90,,,,,,,
5/1/2024,149.31,5.01,157.26,5.06,153.29,5.03,81.75,4.4,135.20,4.91,98.90,4.59,135.60,127.20,133.50,141.30,132.30,134.30,136.00,105.60,82.87,4.42,6234.00,8.74,99.10,333.00,326.00,343.00,286.00,176.50,138.30,149.40,195.60,162.90,144.70,188.80,159.40,133.90,,,,,,,
6/1/2024,145.09,4.98,150.61,5.01,147.85,5,82.25,4.41,135.50,4.91,97.70,4.58,136.00,126.90,134.00,140.40,130.60,135.10,135.70,105.20,83.54,4.43,6267.00,8.74,99.40,333.00,330.00,350.00,276.00,175.30,137.50,153.30,197.40,167.50,145.50,186.90,162.20,133.80,,,,,,,
7/1/2024,144.79,4.98,150.64,5.01,147.72,5,85.15,4.44,135.50,4.91,98.00,4.58,135.80,127.20,133.50,141.80,130.60,134.40,136.70,104.90,84.29,4.43,6306.33,8.75,99.80,338.00,332.00,359.00,279.00,172.90,136.90,155.30,195.00,167.20,149.10,188.90,162.80,133.50,,,,,,,
8/1/2024,142.89,4.96,148.34,5,145.62,4.98,80.36,4.39,135.80,4.91,99.70,4.6,136.40,127.80,131.50,141.00,129.80,133.90,138.40,103.00,83.73,4.43,6333.00,8.75,100.30,338.00,331.00,350.00,273.00,171.80,137.80,157.20,195.60,166.60,148.70,188.80,162.90,137.80,,,,,,,
9/1/2024,136.41,4.92,141.47,4.95,138.94,4.93,74.02,4.3,136.30,4.91,98.10,4.59,136.00,127.80,134.20,141.60,131.50,135.10,133.30,102.70,84.94,4.44,6359.67,8.76,101.00,336.00,331.00,350.00,274.00,168.70,137.00,153.90,194.40,167.60,147.80,190.50,161.70,137.50,,,,,,,
10/1/2024,133.91,4.9,138.95,4.93,136.43,4.92,75.63,4.33,136.50,4.92,97.40,4.58,136.10,127.80,132.30,141.50,134.40,135.40,133.50,103.60,84.89,4.44,6432.67,8.77,101.40,341.00,334.00,369.00,282.00,170.70,136.50,151.40,192.40,166.40,144.90,191.40,164.00,132.60,,,,,,,
11/1/2024,134.71,4.9,140.36,4.94,137.54,4.92,74.35,4.31,137.10,4.92,97.90,4.58,137.30,127.10,133.40,143.50,135.40,135.50,132.40,103.20,84.39,4.44,6413.00,8.77,101.40,344.00,333.00,369.00,283.00,174.90,134.40,149.10,191.50,166.40,144.20,194.50,163.10,131.70,,,,,,,
12/1/2024,136.28,4.91,142.57,4.96,139.43,4.94,73.86,4.3,137.80,4.93,97.60,4.58,138.30,127.20,132.40,143.70,137.00,136.20,133.80,104.90,84.52,4.44,6393.33,8.76,101.10,0.00,334.00,367.00,290.00,176.00,135.50,150.80,191.90,165.50,140.20,195.90,166.90,132.00,,,,,,,
1/1/2025,136.76,4.92,143.42,4.97,140.09,4.94,79.27,4.37,139.00,4.93,99.30,4.6,138.90,129.30,132.80,144.20,137.20,136.20,133.20,105.30,85.92,4.45,6354.00,8.76,101.40,356.00,352.00,409.00,305.00,180.40,136.40,153.60,193.60,165.20,143.20,217.60,176.20,136.60,,,,,,,
2/1/2025,139.35,4.94,146.50,4.99,142.93,4.96,75.44,4.32,139.30,4.94,98.20,4.59,140.00,129.20,132.80,143.30,137.70,136.30,134.30,105.50,86.84,4.46,6354.00,8.76,101.60,367.00,370.00,437.00,316.00,177.80,136.60,153.40,193.30,165.20,142.50,227.00,183.60,135.50,,,,,,,
3/1/2025,137.63,4.92,144.98,4.98,141.31,4.95,72.73,4.29,139.20,4.94,98.70,4.59,140.50,128.80,129.70,144.40,137.50,137.10,134.40,106.40,84.89,4.44,6354.00,8.76,101.80,380.00,377.00,432.00,317.00,172.90,137.20,162.10,193.20,165.50,142.60,224.30,191.70,138.70,,,,,,,
4/1/2025,134.81,4.9,141.73,4.95,138.27,4.93,68.13,4.22,140.20,4.94,99.40,4.6,141.40,131.30,130.70,143.50,136.50,136.20,139.50,107.10,84.67,4.44,6379.33,8.76,102.30,383.00,380.00,430.00,317.00,169.70,138.50,166.90,183.00,164.50,152.90,224.70,192.20,134.70,,,,,,,
5/1/2025,132.31,4.89,139.07,4.93,135.69,4.91,64.45,4.17,141.20,4.95,97.60,4.58,140.40,133.30,133.70,145.80,136.60,137.20,137.00,107.10,85.70,4.45,6354.00,8.76,102.70,380.00,372.00,397.00,317.00,166.60,137.40,166.80,181.70,164.60,152.10,221.60,173.60,136.70,,,,,,,
6/1/2025,131.47,4.88,137.48,4.92,134.48,4.9,71.44,4.27,141.60,4.95,98.90,4.59,142.00,134.10,133.50,145.80,135.50,138.00,138.00,107.00,85.97,4.45,6328.67,8.75,102.90,383.00,376.00,0.00,0.00,164.30,135.20,168.00,185.50,164.70,153.80,220.60,181.80,135.90,,,,,,,
7/1/2025,133.94,4.9,140.83,4.95,137.39,4.92,71.04,4.26,142.20,4.96,100.70,4.61,142.00,135.00,131.10,146.60,135.10,137.90,141.10,108.30,85.04,4.44,6253.00,8.74,102.70,390.00,389.00,460.00,319.00,165.10,136.90,168.20,193.50,163.80,143.40,221.70,191.50,135.00,,,,,,,
8/1/2025,134.45,4.9,142.13,4.96,138.29,4.93,67.87,4.22,142.80,4.96,99.60,4.6,141.60,135.70,132.10,146.90,134.80,138.50,141.70,108.00,85.00,4.44,6278.00,8.74,102.60,389.00,388.00,453.00,321.00,165.70,137.00,167.70,191.50,163.80,143.70,222.10,193.90,133.00,,,,,,,
9/1/2025,133.84,4.9,141.57,4.95,137.71,4.93,67.99,4.22,142.50,4.96,99.60,4.6,140.30,135.70,132.10,146.70,136.90,137.50,138.50,108.20,84.91,4.44,6303.00,8.75,102.70,393.00,390.00,421.00,325.00,165.00,137.20,169.50,192.00,163.80,144.20,222.30,195.20,133.20,,,,,,,
10/1/2025,134.77,4.9,143.02,4.96,138.90,4.93,64.54,4.17,143.20,4.96,99.00,4.6,142.00,136.20,132.70,146.70,137.20,138.50,138.50,107.60,84.43,4.44,6353.00,8.76,102.90,393.00,389.00,417.00,325.00,166.50,136.90,0.00,194.80,163.80,144.00,219.00,200.80,132.30,,,,,,,
11/1/2025,134.98,4.91,143.94,4.97,139.46,4.94,63.80,4.16,142.90,4.96,98.80,4.59,140.20,135.40,132.90,147.10,138.60,138.20,137.30,108.10,83.51,4.42,6353.00,8.76,103.10,405.00,396.00,439.00,323.00,169.70,137.90,0.00,195.60,164.00,145.40,222.10,198.50,132.60,,,,,,,
12/1/2025,136.55,4.92,145.92,4.98,141.24,4.95,62.54,4.14,144.10,4.97,99.00,4.6,143.90,136.00,133.80,147.30,139.50,139.50,139.20,110.30,84.40,4.44,6353.00,8.76,103.10,406.00,396.00,424.00,333.00,166.50,127.60,0.00,188.60,163.80,143.40,210.90,196.70,132.70,,,,,,,
,,,,,,,,,,,,,,,,,,,,,,,,,,,,,,,,,,,,,,,,,,,,,
,,,,,,,,,,,,,,,,,,,,,,,,,,,,,,,,,,,,,,,,,,,,,
,,,,,,,,,,,,,,,,,,,,,,,,,,,,,,,,,,,,,,,,,,,,,
